elemento,x_mm,r_e_mm,r_i_mm
casco,0,0,0
casco,0.5,4.73682,0
casco,1,6.68954,0
casco,1.5,8.18153,0
casco,2,9.43398,2.99833
casco,2.5,10.5327,5.39504
casco,3,11.5217,7.02925
casco,3.5,12.4273,8.36328
casco,4,13.2665,9.49817
casco,4.5,14.0512,10.5066
casco,5,14.7902,11.4273
casco,5.5,15.4899,12.2715
casco,6,16.1555,13.0563
casco,6.5,16.791,13.7952
casco,7,17.3997,14.4942
casco,7.5,17.9844,15.1535
casco,8,18.5472,15.7834
casco,8.5,19.0902,16.3871
casco,9,19.615,16.967
casco,9.5,20.1231,17.5217
casco,10,20.6155,18.0573
casco,10.5,21.0935,18.5752
casco,11,21.5581,19.0769
casco,11.5,22.0099,19.5624
casco,12,22.4499,20.0322
casco,12.5,22.8788,20.489
casco,13,23.297,20.9337
casco,13.5,23.7052,21.3669
casco,14,24.1039,21.7893
casco,14.5,24.4936,22.1996
casco,15,24.8747,22.6002
casco,15.5,25.2475,22.9916
casco,16,25.6125,23.3744
casco,16.5,25.9699,23.7488
casco,17,26.3201,24.1153
casco,17.5,26.6634,24.4733
casco,18,27,24.8235
casco,18.5,27.3302,25.1667
casco,19,27.6541,25.5033
casco,19.5,27.9721,25.8335
casco,20,28.2843,26.1575
casco,20.5,28.5909,26.4754
casco,21,28.892,26.7872
casco,21.5,29.188,27.0927
casco,22,29.4788,27.3928
casco,22.5,29.7647,27.6877
casco,23,30.0458,27.9775
casco,23.5,30.3222,28.2625
casco,24,30.5941,28.5426
casco,24.5,30.8616,28.8181
casco,25,31.1247,29.0891
casco,25.5,31.3837,29.3549
casco,26,31.6386,29.6164
casco,26.5,31.8895,29.8737
casco,27,32.1364,30.127
casco,27.5,32.3796,30.3763
casco,28,32.619,30.6217
casco,28.5,32.8548,30.8633
casco,29,33.087,31.1013
casco,29.5,33.3157,31.3357
casco,30,33.541,31.5663
casco,30.5,33.763,31.793
casco,31,33.9816,32.0163
casco,31.5,34.197,32.2362
casco,32,34.4093,32.4529
casco,32.5,34.6185,32.6665
casco,33,34.8246,32.8769
casco,33.5,35.0277,33.0842
casco,34,35.2278,33.2885
casco,34.5,35.4251,33.4898
casco,35,35.6195,33.6882
casco,35.5,35.8111,33.8838
casco,36,36,34.076
casco,36.5,36.1862,34.2654
casco,37,36.3696,34.4521
casco,37.5,36.5505,34.6361
casco,38,36.7287,34.8175
casco,38.5,36.9044,34.9962
casco,39,37.0776,35.1724
casco,39.5,37.2483,35.3461
casco,40,37.4166,35.5173
casco,40.5,37.5824,35.6861
casco,41,37.7459,35.8524
casco,41.5,37.907,36.0163
casco,42,38.0657,36.1778
casco,42.5,38.2222,36.3366
casco,43,38.3764,36.4931
casco,43.5,38.5284,36.6473
casco,44,38.6782,36.7992
casco,44.5,38.8257,36.949
casco,45,38.9711,37.0966
casco,45.5,39.1144,37.242
casco,46,39.2556,37.3853
casco,46.5,39.3946,37.5264
casco,47,39.5316,37.6655
casco,47.5,39.6666,37.8025
casco,48,39.7995,37.9374
casco,48.5,39.9304,38.0703
casco,49,40.0593,38.2012
casco,49.5,40.1863,38.3299
casco,50,40.3113,38.4564
casco,50.5,40.4344,38.5811
casco,51,40.5555,38.7038
casco,51.5,40.6748,38.8245
casco,52,40.7922,38.9434
casco,52.5,40.9077,39.0604
casco,53,41.0213,39.1756
casco,53.5,41.1332,39.2889
casco,54,41.2432,39.4003
casco,54.5,41.3514,39.51
casco,55,41.4578,39.6178
casco,55.5,41.5625,39.7239
casco,56,41.6653,39.8282
casco,56.5,41.7665,39.9307
casco,57,41.8659,40.0315
casco,57.5,41.9635,40.1303
casco,58,42.0595,40.2273
casco,58.5,42.1537,40.3226
casco,59,42.2463,40.4161
casco,59.5,42.3372,40.508
casco,60,42.4264,40.5983
casco,60.5,42.514,40.6868
casco,61,42.5999,40.7737
casco,61.5,42.6842,40.859
casco,62,42.7668,40.9426
casco,62.5,42.8478,41.0246
casco,63,42.9273,41.105
casco,63.5,43.0051,41.1838
casco,64,43.0813,41.2609
casco,64.5,43.156,41.3365
casco,65,43.229,41.4106
casco,65.5,43.3005,41.483
casco,66,43.3705,41.5538
casco,66.5,43.4389,41.6229
casco,67,43.5057,41.6903
casco,67.5,43.5711,41.7563
casco,68,43.6348,41.8207
casco,68.5,43.6971,41.8835
casco,69,43.7579,41.9449
casco,69.5,43.8171,42.0047
casco,70,43.8748,42.0631
casco,70.5,43.9311,42.1199
casco,71,43.9858,42.1752
casco,71.5,44.039,42.2291
casco,72,44.0908,42.2814
casco,72.5,44.1411,42.3323
casco,73,44.1899,42.3817
casco,73.5,44.2373,42.4297
casco,74,44.2832,42.4761
casco,74.5,44.3276,42.5212
casco,75,44.3706,42.5647
casco,75.5,44.4121,42.6067
casco,76,44.4522,42.6471
casco,76.5,44.4909,42.686
casco,77,44.5281,42.7235
casco,77.5,44.5639,42.7596
casco,78,44.5982,42.7942
casco,78.5,44.6311,42.8274
casco,79,44.6626,42.8592
casco,79.5,44.6927,42.8896
casco,80,44.7214,42.9185
casco,80.5,44.7486,42.946
casco,81,44.7744,42.9722
casco,81.5,44.7989,42.9969
casco,82,44.8219,43.0202
casco,82.5,44.8435,43.042
casco,83,44.8637,43.0625
casco,83.5,44.8825,43.0816
casco,84,44.8999,43.0993
casco,84.5,44.9159,43.1156
casco,85,44.9305,43.1305
casco,85.5,44.9437,43.1437
casco,86,44.9555,43.1555
casco,86.5,44.966,43.166
casco,87,44.975,43.175
casco,87.5,44.9826,43.1826
casco,88,44.9889,43.1889
casco,88.5,44.9937,43.1937
casco,89,44.9972,43.1972
casco,89.5,44.9993,43.1993
casco,90,45,43.1577
casco,90.5,44.8908,43.0485
casco,91,44.7816,42.9393
casco,91.5,44.6724,42.8301
casco,92,44.5632,42.7209
casco,92.5,44.454,42.6117
casco,93,44.3449,42.5025
casco,93.5,44.2357,42.3933
casco,94,44.1265,42.2841
casco,94.5,44.0173,42.1749
casco,95,43.9081,42.0657
casco,95.5,43.7989,41.9566
casco,96,43.6897,41.8474
casco,96.5,43.5805,41.7382
casco,97,43.4713,41.629
casco,97.5,43.3621,41.5198
casco,98,43.2529,41.4106
casco,98.5,43.1437,41.3014
casco,99,43.0346,41.1922
casco,99.5,42.9254,41.083
casco,100,42.8162,40.9738
casco,100.5,42.707,40.8646
casco,101,42.5978,40.7554
casco,101.5,42.4886,40.6463
casco,102,42.3794,40.5371
casco,102.5,42.2702,40.4279
casco,103,42.161,40.3187
casco,103.5,42.0518,40.2095
casco,104,41.9426,40.1003
casco,104.5,41.8335,39.9911
casco,105,41.7243,39.8819
casco,105.5,41.6151,39.7727
casco,106,41.5059,39.6635
casco,106.5,41.3967,39.5543
casco,107,41.2875,39.4452
casco,107.5,41.1783,39.336
casco,108,41.0691,39.2268
casco,108.5,40.9599,39.1176
casco,109,40.8507,39.0084
casco,109.5,40.7415,38.8992
casco,110,40.6324,38.79
casco,110.5,40.5232,38.6808
casco,111,40.414,38.5716
casco,111.5,40.3048,38.4624
casco,112,40.1956,38.3532
casco,112.5,40.0864,38.2441
casco,113,39.9772,38.1349
casco,113.5,39.868,38.0257
casco,114,39.7588,37.9165
casco,114.5,39.6496,37.8073
casco,115,39.5404,37.6981
casco,115.5,39.4312,37.5889
casco,116,39.3221,37.4797
casco,116.5,39.2129,37.3705
casco,117,39.1037,37.2613
casco,117.5,38.9945,37.1521
casco,118,38.8853,37.0429
casco,118.5,38.7761,36.9338
casco,119,38.6669,36.8246
casco,119.5,38.5577,36.7154
casco,120,38.4485,36.6062
casco,120.5,38.3393,36.497
casco,121,38.2301,36.3878
casco,121.5,38.121,36.2786
casco,122,38.0118,36.1694
casco,122.5,37.9026,36.0602
casco,123,37.7934,35.951
casco,123.5,37.6842,35.8418
casco,124,37.575,35.7327
casco,124.5,37.4658,35.6235
casco,125,37.3566,35.5143
casco,125.5,37.2474,35.4051
casco,126,37.1382,35.2959
casco,126.5,37.029,35.1867
casco,127,36.9199,35.0775
casco,127.5,36.8107,34.9683
casco,128,36.7015,34.8591
casco,128.5,36.5923,34.7499
casco,129,36.4831,34.6407
casco,129.5,36.3739,34.5316
casco,130,36.2647,34.4224
casco,130.5,36.1555,34.3132
casco,131,36.0463,34.204
casco,131.5,35.9371,34.0948
casco,132,35.8279,33.9856
casco,132.5,35.7188,33.8764
casco,133,35.6096,33.7672
casco,133.5,35.5004,33.658
casco,134,35.3912,33.5488
casco,134.5,35.282,33.4396
casco,135,35.1728,33.3304
casco,135.5,35.0636,33.2213
casco,136,34.9544,33.1121
casco,136.5,34.8452,33.0029
casco,137,34.736,32.8937
casco,137.5,34.6268,32.7845
casco,138,34.5176,32.6753
casco,138.5,34.4085,32.5661
casco,139,34.2993,32.4569
casco,139.5,34.1901,32.3477
casco,140,34.0809,32.2385
casco,140.5,33.9717,32.1293
casco,141,33.8625,32.0202
casco,141.5,33.7533,31.911
casco,142,33.6441,31.8018
casco,142.5,33.5349,31.6926
casco,143,33.4257,31.5834
casco,143.5,33.3165,31.4742
casco,144,33.2074,31.365
casco,144.5,33.0982,31.2558
casco,145,32.989,31.1466
casco,145.5,32.8798,31.0374
casco,146,32.7706,30.9282
casco,146.5,32.6614,30.8191
casco,147,32.5522,30.7099
casco,147.5,32.443,30.6007
casco,148,32.3338,30.4915
casco,148.5,32.2246,30.3823
casco,149,32.1154,30.2731
casco,149.5,32.0063,30.1639
casco,150,31.8971,30.0547
casco,150.5,31.7879,29.9455
casco,151,31.6787,29.8363
casco,151.5,31.5695,29.7271
casco,152,31.4603,29.6179
casco,152.5,31.3511,29.5088
casco,153,31.2419,29.3996
casco,153.5,31.1327,29.2904
casco,154,31.0235,29.1812
casco,154.5,30.9143,29.072
casco,155,30.8051,28.9628
casco,155.5,30.696,28.8536
casco,156,30.5868,28.7444
casco,156.5,30.4776,28.6352
casco,157,30.3684,28.526
casco,157.5,30.2592,28.4168
casco,158,30.15,28.3077
casco,158.5,30.0408,28.1985
casco,159,29.9316,28.0893
casco,159.5,29.8224,27.9801
casco,160,29.7132,27.8709
casco,160.5,29.604,27.7617
casco,161,29.4949,27.6525
casco,161.5,29.3857,27.5433
casco,162,29.2765,27.4341
casco,162.5,29.1673,27.3249
casco,163,29.0581,27.2157
casco,163.5,28.9489,27.1066
casco,164,28.8397,26.9974
casco,164.5,28.7305,26.8882
casco,165,28.6213,26.779
casco,165.5,28.5121,26.6698
casco,166,28.4029,26.5606
casco,166.5,28.2937,26.4514
casco,167,28.1846,26.3422
casco,167.5,28.0754,26.233
casco,168,27.9662,26.1238
casco,168.5,27.857,26.0146
casco,169,27.7478,25.9054
casco,169.5,27.6386,25.7963
casco,170,27.5294,25.6871
casco,170.5,27.4202,25.5779
casco,171,27.311,25.4687
casco,171.5,27.2018,25.3595
casco,172,27.0926,25.2503
casco,172.5,26.9835,25.1411
casco,173,26.8743,25.0319
casco,173.5,26.7651,24.9227
casco,174,26.6559,24.8135
casco,174.5,26.5467,24.7043
casco,175,26.4375,24.5952
casco,175.5,26.3283,24.486
casco,176,26.2191,24.3768
casco,176.5,26.1099,24.2676
casco,177,26.0007,24.1584
casco,177.5,25.8915,24.0492
casco,178,25.7824,23.94
casco,178.5,25.6732,23.8308
casco,179,25.564,23.7216
casco,179.5,25.4548,23.6124
casco,180,25.3456,23.5032
casco,180.5,25.2364,23.3941
casco,181,25.1272,23.2849
casco,181.5,25.018,23.1757
casco,182,24.9088,23.0665
casco,182.5,24.7996,22.9573
casco,183,24.6904,22.8481
casco,183.5,24.5813,22.7389
casco,184,24.4721,22.6297
casco,184.5,24.3629,22.5205
casco,185,24.2537,22.4113
casco,185.5,24.1445,22.3021
casco,186,24.0353,22.1929
casco,186.5,23.9261,22.0838
casco,187,23.8169,21.9746
casco,187.5,23.7077,21.8654
casco,188,23.5985,21.7562
casco,188.5,23.4893,21.647
casco,189,23.3801,21.5378
casco,189.5,23.271,21.4286
casco,190,23.1618,21.3194
casco,190.5,23.0526,21.2102
casco,191,22.9434,21.101
casco,191.5,22.8342,20.9918
casco,192,22.725,20.8827
casco,192.5,22.6158,20.7735
casco,193,22.5066,20.6643
casco,193.5,22.3974,20.5551
casco,194,22.2882,20.4459
casco,194.5,22.179,20.3367
casco,195,22.0699,20.2275
casco,195.5,21.9607,20.1183
casco,196,21.8515,20.0091
casco,196.5,21.7423,19.8999
casco,197,21.6331,19.7907
casco,197.5,21.5239,19.6816
casco,198,21.4147,19.5724
casco,198.5,21.3055,19.4632
casco,199,21.1963,19.354
casco,199.5,21.0871,19.2448
casco,200,20.9779,19.1356
casco,200.5,20.8688,19.0264
casco,201,20.7596,18.9172
casco,201.5,20.6504,18.808
casco,202,20.5412,18.6988
casco,202.5,20.432,18.5896
casco,203,20.3228,18.4804
casco,203.5,20.2136,18.3713
casco,204,20.1044,18.2621
casco,204.5,19.9952,18.1529
casco,205,19.886,18.0437
casco,205.5,19.7768,17.9345
casco,206,19.6676,17.8253
casco,206.5,19.5585,17.7161
casco,207,19.4493,17.6069
casco,207.5,19.3401,17.4977
casco,208,19.2309,17.3885
casco,208.5,19.1217,17.2793
casco,209,19.0125,17.1702
casco,209.5,18.9033,17.061
casco,210,18.7941,16.9518
casco,210.5,18.6849,16.8426
casco,211,18.5757,16.7334
casco,211.5,18.4665,16.6242
casco,212,18.3574,16.515
casco,212.5,18.2482,16.4058
casco,213,18.139,16.2966
casco,213.5,18.0298,16.1874
casco,214,17.9206,16.0782
casco,214.5,17.8114,15.9691
casco,215,17.7022,15.8599
casco,215.5,17.593,15.7507
casco,216,17.4838,15.6415
casco,216.5,17.3746,15.5323
casco,217,17.2654,15.4231
casco,217.5,17.1563,15.3139
casco,218,17.0471,15.2047
casco,218.5,16.9379,15.0955
casco,219,16.8287,14.9863
casco,219.5,16.7195,14.8771
casco,220,16.6103,14.7679
casco,220.5,16.5011,14.6588
casco,221,16.3919,14.5496
casco,221.5,16.2827,14.4404
casco,222,16.1735,14.3312
casco,222.5,16.0643,14.222
casco,223,15.9551,14.1128
casco,223.5,15.846,14.0036
casco,224,15.7368,13.8944
casco,224.5,15.6276,13.7852
casco,225,15.5184,13.676
casco,225.5,15.4092,13.5668
casco,226,15.3,13.4577
casco,226.5,15.1908,13.3485
casco,227,15.0816,13.2393
casco,227.5,14.9724,13.1301
casco,228,14.8632,13.0209
casco,228.5,14.754,12.9117
casco,229,14.6449,12.8025
casco,229.5,14.5357,12.6933
casco,230,14.4265,12.5841
casco,230.5,14.3173,12.4749
casco,231,14.2081,12.3657
casco,231.5,14.0989,12.2566
casco,232,13.9897,12.1474
casco,232.5,13.8805,12.0382
casco,233,13.7713,11.929
casco,233.5,13.6621,11.8198
casco,234,13.5529,11.7106
casco,234.5,13.4438,11.6014
casco,235,13.3346,11.4922
casco,235.5,13.2254,11.383
casco,236,13.1162,11.2738
casco,236.5,13.007,11.1646
casco,237,12.8978,11.0554
casco,237.5,12.7886,10.9463
casco,238,12.6794,10.8371
casco,238.5,12.5702,10.7279
casco,239,12.461,10.6187
casco,239.5,12.3518,10.5095
casco,240,12.2426,10.4003
casco,240.5,12.1335,10.2911
casco,241,12.0243,10.1819
casco,241.5,11.9151,10.0727
casco,242,11.8059,9.96354
casco,242.5,11.6967,9.85435
casco,243,11.5875,9.74515
casco,243.5,11.4783,9.63596
casco,244,11.3691,9.52677
casco,244.5,11.2599,9.41758
casco,245,11.1507,9.30839
casco,245.5,11.0415,9.1992
casco,246,10.9324,9.09001
casco,246.5,10.8232,8.98082
casco,247,10.714,8.87162
casco,247.5,10.6048,8.76243
casco,248,10.4956,8.65324
casco,248.5,10.3864,8.54405
casco,249,10.2772,8.43486
casco,249.5,10.168,8.32567
casco,250,10.0588,8.21648
casco,250.5,9.94963,8.10729
casco,251,9.84044,7.9981
casco,251.5,9.73125,7.8889
casco,252,9.62206,7.77971
casco,252.5,9.51287,7.67052
casco,253,9.40368,7.56133
casco,253.5,9.29449,7.45214
casco,254,9.18529,7.34295
casco,254.5,9.0761,7.23376
casco,255,8.96691,7.12457
casco,255.5,8.85772,7.01537
casco,256,8.74853,6.90618
casco,256.5,8.63934,6.79699
casco,257,8.53015,6.6878
casco,257.5,8.42096,6.57861
casco,258,8.31176,6.46942
casco,258.5,8.20257,6.36023
casco,259,8.09338,6.25104
casco,259.5,7.98419,6.14185
casco,260,7.875,6.075
casco,260.5,7.875,6.075
casco,261,7.875,6.075
casco,261.5,7.875,6.075
casco,262,7.875,6.075
casco,262.5,7.875,6.075
casco,263,7.875,6.075
casco,263.5,7.875,6.075
casco,264,7.875,6.075
casco,264.5,7.875,6.075
casco,265,7.875,6.075
casco,265.5,7.875,6.075
casco,266,7.875,6.075
casco,266.5,7.875,6.075
casco,267,7.875,6.075
casco,267.5,7.875,6.075
casco,268,7.875,6.075
casco,268.5,7.875,6.075
casco,269,7.875,6.075
casco,269.5,7.875,6.075
casco,270,7.875,6.075
casco,270.5,7.875,6.075
casco,271,7.875,6.075
casco,271.5,7.875,6.075
casco,272,7.875,6.075
casco,272.5,7.875,6.075
casco,273,7.875,6.075
casco,273.5,7.875,6.075
casco,274,7.875,6.075
casco,274.5,7.875,6.075
casco,275,7.875,6.075
casco,275.5,7.875,6.075
casco,276,7.875,6.075
casco,276.5,7.875,6.075
casco,277,7.875,6.075
casco,277.5,7.875,6.075
casco,278,7.875,6.075
casco,278.5,7.875,6.075
casco,279,7.875,6.075
casco,279.5,7.875,6.075
casco,280,7.875,6.075
casco,280.5,7.875,6.075
casco,281,7.875,6.075
casco,281.5,7.875,6.075
casco,282,7.875,6.075
casco,282.5,7.875,6.075
casco,283,7.875,6.075
casco,283.5,7.875,6.075
casco,284,7.875,6.075
casco,284.5,7.875,6.075
casco,285,7.875,6.075
casco,285.5,7.875,6.075
casco,286,7.875,6.075
casco,286.5,7.875,6.075
casco,287,7.875,6.075
casco,287.5,7.875,6.075
casco,288,7.875,6.075
casco,288.5,7.875,6.075
casco,289,7.875,6.075
casco,289.5,7.875,6.075
casco,290,7.875,6.075
casco,290.5,7.875,6.075
casco,291,7.875,6.075
casco,291.5,7.875,6.075
casco,292,7.875,6.075
casco,292.5,7.875,6.075
casco,293,7.875,6.075
casco,293.5,7.875,6.075
casco,294,7.875,6.075
casco,294.5,7.875,6.075
casco,295,7.875,6.075
casco,295.5,7.875,6.075
casco,296,7.875,6.075
casco,296.5,7.875,6.075
casco,297,7.875,6.075
casco,297.5,7.875,6.075
casco,298,7.875,6.075
casco,298.5,7.875,6.075
casco,299,7.875,6.075
casco,299.5,7.875,6.075
casco,300,7.875,6.075
casco,300.5,7.875,6.075
casco,301,7.875,6.075
casco,301.5,7.875,6.075
casco,302,7.875,6.075
casco,302.5,7.875,6.075
casco,303,7.875,6.075
casco,303.5,7.875,6.075
casco,304,7.875,6.075
casco,304.5,7.875,6.075
casco,305,7.875,6.075
casco,305.5,7.875,6.075
casco,306,7.875,6.075
casco,306.5,7.875,6.075
casco,307,7.875,6.075
casco,307.5,7.875,6.075
casco,308,7.875,6.075
casco,308.5,7.875,6.075
casco,309,7.875,6.075
casco,309.5,7.875,6.075
casco,310,7.875,6.075
casco,310.5,7.875,6.075
casco,311,7.875,6.075
casco,311.5,7.875,6.075
casco,312,7.875,6.075
casco,312.5,7.875,6.075
casco,313,7.875,6.075
casco,313.5,7.875,6.075
casco,314,7.875,6.075
casco,314.5,7.875,6.075
casco,315,7.875,6.075
casco,315.5,7.875,6.075
casco,316,7.875,6.075
casco,316.5,7.875,6.075
casco,317,7.875,6.075
casco,317.5,7.875,6.075
casco,318,7.875,6.075
casco,318.5,7.875,6.075
casco,319,7.875,6.075
casco,319.5,7.875,6.075
casco,320,7.875,6.075
casco,320.5,7.875,6.075
casco,321,7.875,6.075
casco,321.5,7.875,6.075
casco,322,7.875,6.075
casco,322.5,7.875,6.075
casco,323,7.875,6.075
casco,323.5,7.875,6.075
casco,324,7.875,6.075
casco,324.5,7.875,6.075
casco,325,7.875,6.075
casco,325.5,7.875,6.075
casco,326,7.875,6.075
casco,326.5,7.875,6.075
casco,327,7.875,6.075
casco,327.5,7.875,6.075
casco,328,7.875,6.075
casco,328.5,7.875,6.075
casco,329,7.875,6.075
casco,329.5,7.875,6.075
casco,330,7.875,6.075
casco,330.5,7.875,6.075
casco,331,7.875,6.075
casco,331.5,7.875,6.075
casco,332,7.875,6.075
casco,332.5,7.875,6.075
casco,333,7.875,6.075
casco,333.5,7.875,6.075
casco,334,7.875,6.075
casco,334.5,7.875,6.075
casco,335,7.875,6.075
casco,335.5,7.875,6.075
casco,336,7.875,6.075
casco,336.5,7.875,6.075
casco,337,7.875,6.075
casco,337.5,7.875,6.075
casco,338,7.875,6.075
casco,338.5,7.875,6.075
casco,339,7.875,6.075
casco,339.5,7.875,6.075
casco,340,7.875,6.075
casco,340.5,7.875,6.075
casco,341,7.875,6.075
casco,341.5,7.875,6.075
casco,342,7.875,6.075
casco,342.5,7.875,6.075
casco,343,7.875,6.075
casco,343.5,7.875,6.075
casco,344,7.875,6.075
casco,344.5,7.875,6.075
casco,345,7.875,6.075
casco,345.5,7.875,6.075
casco,346,7.875,6.075
casco,346.5,7.875,6.075
casco,347,7.875,6.075
casco,347.5,7.875,6.075
casco,348,7.875,6.075
casco,348.5,7.875,6.075
casco,349,7.875,6.075
casco,349.5,7.875,6.075
casco,350,7.875,6.075
casco,350.5,7.875,6.075
casco,351,7.875,6.075
casco,351.5,7.875,6.075
casco,352,7.875,6.075
casco,352.5,7.875,6.075
casco,353,7.875,6.075
casco,353.5,7.875,6.075
casco,354,7.875,6.075
casco,354.5,7.875,6.075
casco,355,7.875,6.075
casco,355.5,7.875,6.075
casco,356,7.875,6.075
casco,356.5,7.875,6.075
casco,357,7.875,6.075
casco,357.5,7.875,6.075
casco,358,7.875,6.075
casco,358.5,7.875,6.075
casco,359,7.875,6.075
casco,359.5,7.875,6.075
casco,360,7.875,6.075
casco,360.5,7.875,6.075
casco,361,7.875,6.075
casco,361.5,7.875,6.075
casco,362,7.875,6.075
casco,362.5,7.875,6.075
casco,363,7.875,6.075
casco,363.5,7.875,6.075
casco,364,7.875,6.075
casco,364.5,7.875,6.075
casco,365,7.875,6.075
casco,365.5,7.875,6.075
casco,366,7.875,6.075
casco,366.5,7.875,6.075
casco,367,7.875,6.075
casco,367.5,7.875,6.075
casco,368,7.875,6.075
casco,368.5,7.875,6.075
casco,369,7.875,6.075
casco,369.5,7.875,6.075
casco,370,7.875,6.075
casco,370.5,7.875,6.075
casco,371,7.875,6.075
casco,371.5,7.875,6.075
casco,372,7.875,6.075
casco,372.5,7.875,6.075
casco,373,7.875,6.075
casco,373.5,7.875,6.075
casco,374,7.875,6.075
casco,374.5,7.875,6.075
casco,375,7.875,6.075
casco,375.5,7.875,6.075
casco,376,7.875,6.075
casco,376.5,7.875,6.075
casco,377,7.875,6.075
casco,377.5,7.875,6.075
casco,378,7.875,6.075
casco,378.5,7.875,6.075
casco,379,7.875,6.075
casco,379.5,7.875,6.075
casco,380,7.875,6.075
casco,380.5,7.875,6.075
casco,381,7.875,6.075
casco,381.5,7.875,6.075
casco,382,7.875,6.075
casco,382.5,7.875,6.075
casco,383,7.875,6.075
casco,383.5,7.875,6.075
casco,384,7.875,6.075
casco,384.5,7.875,6.075
casco,385,7.875,6.075
casco,385.5,7.875,6.075
casco,386,7.875,6.075
casco,386.5,7.875,6.075
casco,387,7.875,6.075
casco,387.5,7.875,6.075
casco,388,7.875,6.075
casco,388.5,7.875,6.075
casco,389,7.875,6.075
casco,389.5,7.875,6.075
casco,390,7.875,6.075
casco,390.5,7.875,6.075
casco,391,7.875,6.075
casco,391.5,7.875,6.075
casco,392,7.875,6.075
casco,392.5,7.875,6.075
casco,393,7.875,6.075
casco,393.5,7.875,6.075
casco,394,7.875,6.075
casco,394.5,7.875,6.075
casco,395,7.875,6.075
casco,395.5,7.875,6.075
casco,396,7.875,6.075
casco,396.5,7.875,6.075
casco,397,7.875,6.075
casco,397.5,7.875,6.075
casco,398,7.875,6.075
casco,398.5,7.875,6.075
casco,399,7.875,6.075
casco,399.5,7.875,6.075
casco,400,7.875,6.075
aleta,302,7.875,
aleta,331.4,54,
aleta,400,54,
aleta,400,7.875,
